iri,id,label,definition,ncbitaxon_id,ncbitaxon_label
http://purl.obolibrary.org/obo/DOID_0040086,DOID:0040086,Polyomavirus-associated nephropathy,A viral infectious disease has_material_basis_in BK polyomavirus.,NCBITaxon:1891762,Betapolyomavirus hominis
http://purl.obolibrary.org/obo/DOID_11266,DOID:11266,Hantavirus hemorrhagic fever with renal syndrome,"A viral infectious disease that is a hemorrhagic fever, located in kidney, has_material_basis_in Orthohantavirus dobravaense, has_material_basis_in Orthohantavirus hantanense, has_material_basis_in Orthohantavirus puumalaense, has_material_basis_in Orthohantavirus seoulense, which are carried and transmitted by rodents. The infection has symptom headache, has symptom fever, has symptom muscle pains, has symptom facial flush, has symptom petechiae, has symptom proteinuria, and has symptom renal failure.",NCBITaxon:3052477,Orthohantavirus dobravaense
http://purl.obolibrary.org/obo/DOID_11266,DOID:11266,Hantavirus hemorrhagic fever with renal syndrome,"A viral infectious disease that is a hemorrhagic fever, located in kidney, has_material_basis_in Orthohantavirus dobravaense, has_material_basis_in Orthohantavirus hantanense, has_material_basis_in Orthohantavirus puumalaense, has_material_basis_in Orthohantavirus seoulense, which are carried and transmitted by rodents. The infection has symptom headache, has symptom fever, has symptom muscle pains, has symptom facial flush, has symptom petechiae, has symptom proteinuria, and has symptom renal failure.",NCBITaxon:3052480,Orthohantavirus hantanense
http://purl.obolibrary.org/obo/DOID_11266,DOID:11266,Hantavirus hemorrhagic fever with renal syndrome,"A viral infectious disease that is a hemorrhagic fever, located in kidney, has_material_basis_in Orthohantavirus dobravaense, has_material_basis_in Orthohantavirus hantanense, has_material_basis_in Orthohantavirus puumalaense, has_material_basis_in Orthohantavirus seoulense, which are carried and transmitted by rodents. The infection has symptom headache, has symptom fever, has symptom muscle pains, has symptom facial flush, has symptom petechiae, has symptom proteinuria, and has symptom renal failure.",NCBITaxon:3052493,Orthohantavirus puumalaense
http://purl.obolibrary.org/obo/DOID_11266,DOID:11266,Hantavirus hemorrhagic fever with renal syndrome,"A viral infectious disease that is a hemorrhagic fever, located in kidney, has_material_basis_in Orthohantavirus dobravaense, has_material_basis_in Orthohantavirus hantanense, has_material_basis_in Orthohantavirus puumalaense, has_material_basis_in Orthohantavirus seoulense, which are carried and transmitted by rodents. The infection has symptom headache, has symptom fever, has symptom muscle pains, has symptom facial flush, has symptom petechiae, has symptom proteinuria, and has symptom renal failure.",NCBITaxon:3052498,Orthohantavirus seoulense
http://purl.obolibrary.org/obo/DOID_0050012,DOID:0050012,chikungunya,"A viral infectious disease that results_in infection located_in joint, has_material_basis_in Chikungunya virus, which is transmitted_by Aedes mosquito bite. The infection has_symptom fever, has_symptom arthralgia, and has_symptom maculopapular rash.",NCBITaxon:37124,Chikungunya virus
http://purl.obolibrary.org/obo/DOID_934,DOID:934,viral infectious disease,"A disease by infectious agent that results in infection, has_material_basis_in Viruses.",NCBITaxon:10239,Viruses
http://purl.obolibrary.org/obo/DOID_0050118,DOID:0050118,La Crosse encephalitis,"A viral infectious disease that results_in inflammation located_in brain, has_material_basis_in La Crosse virus, which is transmitted_by treehole mosquito, Ochlerotatus triseriatus. The infection has_symptom seizures, has_symptom headache, has_symptom fever, has_symptom coma, and has_symptom paralysis.",NCBITaxon:11577,La Crosse virus
http://purl.obolibrary.org/obo/DOID_0050125,DOID:0050125,dengue shock syndrome,"A dengue disease that involves the most severe form of dengue fever, has_material_basis_in Dengue virus [NCBITaxon:12637] with four serotypes (Dengue virus 1, 2, 3 and 4), which are transmitted_by Aedes mosquito bite. The infection has_symptom easy bruising, has_symptom blood spots, has_symptom bleeding gums, and has_symptom nosebleeds. It is accompanied by circulatory collapse, involves hypotension, narrow pulse pressure (less than or equal to 20mm Hg), or frank shock. The shock occurs after two to six days of symptoms, followed by collapse, weak pulse, and blueness around the mouth.",NCBITaxon:12637,Dengue virus
http://purl.obolibrary.org/obo/DOID_12205,DOID:12205,dengue disease,"A viral infectious disease that results in infection, has_material_basis_in Dengue virus [NCBITaxon:12637] with four serotypes (Dengue virus 1, 2, 3 and 4), which are transmitted by Aedes mosquito bite. The infection has symptom fever, has symptom severe headache, has symptom severe pain behind the eyes, has symptom joint pain, has symptom muscle and bone pain, has symptom rash, and has symptom mild bleeding.",NCBITaxon:12637,Dengue virus
http://purl.obolibrary.org/obo/DOID_0050143,DOID:0050143,asymptomatic dengue,"A dengue disease that results_in infection, has_material_basis_in Dengue virus [NCBITaxon:12637] with four serotypes (Dengue virus 1, 2, 3 and 4), which are transmitted_by Aedes mosquito bite. The infection has no manifestations of symptoms.",NCBITaxon:12637,Dengue virus
http://purl.obolibrary.org/obo/DOID_0050174,DOID:0050174,Kunjin encephalitis,"A West Nile encephalitis that results_in infection located_in brain, has_material_basis_in Kunjin virus, a subtype of West Nile Virus, which is transmitted_by Culex annulirostris mosquito bite. The infection has_symptom fever, has_symptom rigor, has_symptom headache, has_symptom confusion, and has_symptom lethargy.",NCBITaxon:11077,Kunjin virus
http://purl.obolibrary.org/obo/DOID_2365,DOID:2365,West Nile encephalitis,"A viral infectious disease that results in inflammation located in brain, has_material_basis_in West Nile virus, which is transmitted_by Culex, Aedes, or Anopheles species of mosquitoes. The infection has_symptom high fever, has_symptom headache, has_symptom neck stiffness, has_symptom stupor, has_symptom disorientation, has_symptom coma, has_symptom tremors, has_symptom convulsions, has_symptom muscle weakness, has_symptom vision loss, has_symptom numbness, and has_symptom paralysis.",NCBITaxon:11082,West Nile virus
http://purl.obolibrary.org/obo/DOID_0050175,DOID:0050175,tick-borne encephalitis,"A viral infectious disease that results_in inflammation located_in brain, has_material_basis_in Tick-borne encephalitis virus, which is transmitted_by Ixodes ticks. The infection has_symptom drowsiness, has_symptom confusion, has_symptom sensory disturbances, and has_symptom paralysis.",NCBITaxon:11084,Tick-borne encephalitis virus
http://purl.obolibrary.org/obo/DOID_0050179,DOID:0050179,Powassan encephalitis,"A viral infectious disease that results_in inflammation located_in brain, has_material_basis_in Powassan virus, which is transmitted_by Ixodes and transmitted_by Dermacentor species of ticks. The infection has_symptom headache, has_symptom fever, has_symptom vomiting, has_symptom stiff neck, has_symptom sleepiness, has_symptom breathing distress, has_symptom tremors, has_symptom confusion, has_symptom seizures, has_symptom paralysis, and has_symptom coma.",NCBITaxon:11083,Powassan virus
http://purl.obolibrary.org/obo/DOID_0050192,DOID:0050192,Nipah virus encephalitis,"A viral infectious disease that results_in inflammation located_in brain, has_material_basis_in Nipah virus, which is transmitted_by direct contact with sick person or animals, or their contaminated tissues. The infection has_symptom dizziness, has_symptom drowsiness, has_symptom altered consciousness, has_symptom disorientation, and has_symptom coma.",,
http://purl.obolibrary.org/obo/DOID_0050194,DOID:0050194,Argentine hemorrhagic fever,"A viral infectious disease that is a hemorrhagic fever, has_material_basis_in Junin virus, which is transmitted_by rodent, Calomys musculinus. The infection has_symptom fever, has_symptom fatigue, has_symptom malaise, has_symptom leukopenia, has_symptom thrombocytopenia, and has_symptom hemorrhagic manifestations.",NCBITaxon:2169991,Mammarenavirus juninense
http://purl.obolibrary.org/obo/DOID_0050195,DOID:0050195,Bolivian hemorrhagic fever,"A viral infectious disease that is a hemorrhagic fever, has_material_basis_in Mammarenavirus machupoense, which is transmitted_by vesper mouse, Calomys callosus. The infection has_symptom fever, has_symptom headache, has_symptom fatigue, has_symptom myalgia, has_symptom arthralgia, has_symptom bleeding from the oral and nasal mucosa, and has_symptom bleeding from the bronchopulmonary, gastrointestinal and genitourinary tracts.",NCBITaxon:3052317,Mammarenavirus machupoense
http://purl.obolibrary.org/obo/DOID_0050196,DOID:0050196,Venezuelan hemorrhagic fever,"A viral infectious disease that is a hemorrhagic fever, has_material_basis_in Mammarenavirus guanaritoense, which is transmitted_by cotton rat, Sigmodon alstoni or transmitted_by cane mouse, Zygodontomys brevicauda. The infection has_symptom fever, has_symptom headache, has_symptom myalgia, has_symptom sore throat, has_symptom weakness, has_symptom anorexia, has_symptom nausea, has_symptom vomiting, has_symptom convulsions, has_symptom epistaxis, has_symptom bleeding gums, has_symptom hematemesis, has_symptom melena, and has_symptom menorrhagia.",NCBITaxon:3052307,Mammarenavirus guanaritoense
http://purl.obolibrary.org/obo/DOID_0050197,DOID:0050197,Brazilian hemorrhagic fever,"A viral infectious disease that is a hemorrhagic fever, has_material_basis_in Mammarenavirus brazilense, which is transmitted by rodents. The infection has symptom fever, has symptom eye redness, has symptom fatigue, has symptom dizziness, has symptom muscle aches, has symptom loss of strength, and has symptom bleeding under the skin, internal organs, or from body orifices like the mouth, eyes or ears.",NCBITaxon:3052299,Mammarenavirus brazilense
http://purl.obolibrary.org/obo/DOID_0050198,DOID:0050198,Chapare hemorrhagic fever,"A viral infectious disease that is a hemorrhagic fever, has_material_basis_in Mammarenavirus chapareense. The infection has symptom headache, has symptom joint pain, has symptom muscle pain, has symptom vomiting, has symptom shock, and has symptom bleeding.",NCBITaxon:3052302,Mammarenavirus chapareense
http://purl.obolibrary.org/obo/DOID_0050199,DOID:0050199,Whitewater Arroyo hemorrhagic fever,"A viral infectious disease that is a hemorrhagic fever, has_material_basis_in Mammarenavirus whitewaterense, which is transmitted_by white-throated woodrats (Neotoma albigula). The infection has_symptom fever, has_symptom headache, has_symptom myalgia, and has_symptom hemorrhagic manifestations.",NCBITaxon:3052331,Mammarenavirus whitewaterense
http://purl.obolibrary.org/obo/DOID_0050200,DOID:0050200,Korean hemorrhagic fever,"A hemorrhagic fever with renal syndrome that results_in infection located_in kidney, has_material_basis_in Hantaan virus, which is transmitted_by the eurasian field mouse, Apodemus agrarius, or has_material_basis_in Seoul virus, which is transmitted_by norwegian rat, Rattus norvegicus. The infection has_symptom headache, has_symptom back pain, has_symptom abdominal pain, has_symptom fever, has_symptom chills, has_symptom nausea, has_symptom blurred vision, has_symptom flushing of the face, has_symptom redness of the eyes, has_symptom rash, has_symptom low blood pressure, has_symptom acute shock, has_symptom vascular leakage, and has_symptom acute kidney failure, which can cause severe fluid overload.",,
http://purl.obolibrary.org/obo/DOID_0050201,DOID:0050201,nephropathia epidemica,"A hemorrhagic fever with renal syndrome that results_in infection located_in kidney, has_material_basis_in Orthohantavirus puumalaense, which is transmitted_by bank vole, Myodes glareolus [NCBITaxon:447135]. The infection has_symptom headache, has_symptom nausea, has_symptom back pain, has_symptom vomiting, has_symptom myalgia, has_symptom abdominal pain, has_symptom internal hemorrhage, and has_symptom renal failure.",NCBITaxon:3052493,Orthohantavirus puumalaense
http://purl.obolibrary.org/obo/DOID_0050202,DOID:0050202,lujo hemorrhagic fever,"A viral infectious disease that results_in infection, has_material_basis_in Lujo virus, which has_symptom bleeding.",,
http://purl.obolibrary.org/obo/DOID_0050204,DOID:0050204,Epstein-Barr virus hepatitis,"A viral hepatitis that results_in inflammation, located_in liver, has_material_basis_in Human herpesvirus 4 and has_symptom headache, has_symptom fatigue, has_symptom fever, has_symptom abdominal pain, has_symptom nausea, and has_symptom jaundice.",NCBITaxon:10376,human gammaherpesvirus 4
http://purl.obolibrary.org/obo/DOID_1884,DOID:1884,viral hepatitis,A hepatitis that involves viral infection causing inflammation of the liver.,NCBITaxon:10239,Viruses
http://purl.obolibrary.org/obo/DOID_2938,DOID:2938,Epstein-Barr virus infectious disease,A viral infectious disease that has_material_basis_in Human gammaherpesvirus 4.,NCBITaxon:10376,human gammaherpesvirus 4
http://purl.obolibrary.org/obo/DOID_0050211,DOID:0050211,swine influenza,"An influenza that results_in infection located_in respiratory tract of pigs and humans, has_material_basis_in Influenza C virus, or has_material_basis_in Influenza A virus subtypes (H1N1, H1N2, H3N1, H3N2, and H2N3), which are transmitted_by direct contact with infected pigs. The infection in humans has_symptom fever, has_symptom lethargy, has_symptom lack of appetite, has_symptom coughing, has_symptom runny nose, has_symptom sore throat, has_symptom nausea, has_symptom vomiting, and has_symptom diarrhea.",NCBITaxon:11320,Influenza A virus
http://purl.obolibrary.org/obo/DOID_0050211,DOID:0050211,swine influenza,"An influenza that results_in infection located_in respiratory tract of pigs and humans, has_material_basis_in Influenza C virus, or has_material_basis_in Influenza A virus subtypes (H1N1, H1N2, H3N1, H3N2, and H2N3), which are transmitted_by direct contact with infected pigs. The infection in humans has_symptom fever, has_symptom lethargy, has_symptom lack of appetite, has_symptom coughing, has_symptom runny nose, has_symptom sore throat, has_symptom nausea, has_symptom vomiting, and has_symptom diarrhea.",NCBITaxon:11552,Influenza C virus
http://purl.obolibrary.org/obo/DOID_8469,DOID:8469,influenza,"A viral infectious disease that results in infection, located in respiratory tract, has_material_basis_in Influenzavirus A, has_material_basis_in Influenzavirus B, or has_material_basis_in Influenzavirus C, which are transmitted_by droplet spread of oronasal secretions during coughing, sneezing, or talking from an infected person. It is a highly contagious disease that affects birds and mammals and has_symptom chills, has_symptom fever, has_symptom sore throat, has_symptom runny nose, has_symptom muscle pains, has_symptom severe headache, has_symptom cough, and has_symptom weakness.",NCBITaxon:197911,Alphainfluenzavirus
http://purl.obolibrary.org/obo/DOID_8469,DOID:8469,influenza,"A viral infectious disease that results in infection, located in respiratory tract, has_material_basis_in Influenzavirus A, has_material_basis_in Influenzavirus B, or has_material_basis_in Influenzavirus C, which are transmitted_by droplet spread of oronasal secretions during coughing, sneezing, or talking from an infected person. It is a highly contagious disease that affects birds and mammals and has_symptom chills, has_symptom fever, has_symptom sore throat, has_symptom runny nose, has_symptom muscle pains, has_symptom severe headache, has_symptom cough, and has_symptom weakness.",NCBITaxon:197912,Betainfluenzavirus
http://purl.obolibrary.org/obo/DOID_8469,DOID:8469,influenza,"A viral infectious disease that results in infection, located in respiratory tract, has_material_basis_in Influenzavirus A, has_material_basis_in Influenzavirus B, or has_material_basis_in Influenzavirus C, which are transmitted_by droplet spread of oronasal secretions during coughing, sneezing, or talking from an infected person. It is a highly contagious disease that affects birds and mammals and has_symptom chills, has_symptom fever, has_symptom sore throat, has_symptom runny nose, has_symptom muscle pains, has_symptom severe headache, has_symptom cough, and has_symptom weakness.",NCBITaxon:197913,Gammainfluenzavirus
http://purl.obolibrary.org/obo/DOID_0050308,DOID:0050308,Alkhurma hemorrhagic fever,"A viral infectious disease that is a hemorrhagic fever, has_material_basis_in Alkhurma hemorrhagic fever virus, which is transmitted by Ornithodoros savignyi tick bite, transmitted by ingestion of unpasteurized camel milk, or transmitted by entry via skin wound. The infection has symptom headache, has symptom joint pain, has symptom muscle pain, has symptom vomiting, has symptom thrombocytopenia, and has symptom hemorrhagic fever.",NCBITaxon:172148,Alkhumra hemorrhagic fever virus
http://purl.obolibrary.org/obo/DOID_11320,DOID:11320,Kyasanur forest disease,"A viral infectious disease that is a hemorrhagic fever, has_material_basis_in Kyasanur forest disease virus, which is transmitted by Haemaphysalis spinigera tick bite. The infection has symptom fever, has symptom headache, has symptom stiffness of the neck, has symptom severe muscle pain, has symptom cough, has symptom dehydration, and has symptom bleeding problems.",NCBITaxon:33743,Kyasanur Forest disease virus
http://purl.obolibrary.org/obo/DOID_0050495,DOID:0050495,exanthema subitum,"A viral infectious disease that results_in infection in infants and children, located_in skin, has_material_basis_in Human herpesvirus 6 or has_material_basis_in Human herpesvirus 7 and has_symptom sudden high fever, and has_symptom red rash that occurs first on the trunk then spreading to legs and neck.",NCBITaxon:10368,Human betaherpesvirus 6
http://purl.obolibrary.org/obo/DOID_0050495,DOID:0050495,exanthema subitum,"A viral infectious disease that results_in infection in infants and children, located_in skin, has_material_basis_in Human herpesvirus 6 or has_material_basis_in Human herpesvirus 7 and has_symptom sudden high fever, and has_symptom red rash that occurs first on the trunk then spreading to legs and neck.",NCBITaxon:10372,Human betaherpesvirus 7
http://purl.obolibrary.org/obo/DOID_0050508,DOID:0050508,variola major,"A smallpox that results_in severe infection, located_in skin, has_material_basis_in Variola virus. The infection results_in_formation_of lesions.",,
http://purl.obolibrary.org/obo/DOID_8736,DOID:8736,smallpox,"A viral infectious disease that results in infection located in skin, has_material_basis_in Variola virus, which is transmitted by droplets from oral, nasal or pharyngeal mucosa, transmitted by contact with the body fluids, or transmitted by fomites. The infection results in formation of lesions, first on the face, hands and forearms and later on the trunk.",NCBITaxon:10255,Variola virus
http://purl.obolibrary.org/obo/DOID_0050513,DOID:0050513,spinal polio,"A paralytic poliomyelitis that results in destruction located in motor neurons of spinal cord, has_material_basis_in Human poliovirus 1, has_material_basis_in Human poliovirus 2, or has_material_basis_in Human poliovirus 3, which are transmitted by ingestion of food or water contaminated with feces, or transmitted by direct contact with the oral secretions. The infection has symptom difficulty breathing, and has symptom paralysis of arms and legs.",,
http://purl.obolibrary.org/obo/DOID_0050515,DOID:0050515,paralytic poliomyelitis,"A poliomyelitis that results in destruction located in motor neurons of central nervous system, has_material_basis_in Human poliovirus 1, has_material_basis_in Human poliovirus 2, or has_material_basis_in Human poliovirus 3, which are transmitted by ingestion of food or water contaminated with feces, or transmitted by direct contact with the oral secretions. The infection has symptom loss of reflexes, has symptom muscle spasms, and has symptom acute flaccid paralysis.",,
http://purl.obolibrary.org/obo/DOID_0050514,DOID:0050514,bulbospinal polio,"A paralytic poliomyelitis that results in destruction located in motor neurons of brainstem or located in motor neurons of spinal cord, has_material_basis_in Human poliovirus 1, has_material_basis_in Human poliovirus 2, or has_material_basis_in Human poliovirus 3, which are transmitted by ingestion of food or water contaminated with feces, or transmitted by direct contact with the oral secretions. The infection has symptom difficulty breathing, has symptom difficulty swallowing, and has symptom paralysis of arms and legs.",,
http://purl.obolibrary.org/obo/DOID_4953,DOID:4953,poliomyelitis,"A viral infectious disease that results in destruction located in motor neurons, has_material_basis_in Human poliovirus 1, has_material_basis_in Human poliovirus 2, or has_material_basis_in Human poliovirus 3, which are transmitted by ingestion of food or water contaminated with feces, or transmitted by direct contact with the oral secretions. The infection has symptom fever, has symptom sore throat, has symptom headache, has symptom vomiting, has symptom fatigue, has symptom neck stiffness, has symptom muscle spasms, and has symptom acute flaccid paralysis.",NCBITaxon:12080,Poliovirus 1
http://purl.obolibrary.org/obo/DOID_4953,DOID:4953,poliomyelitis,"A viral infectious disease that results in destruction located in motor neurons, has_material_basis_in Human poliovirus 1, has_material_basis_in Human poliovirus 2, or has_material_basis_in Human poliovirus 3, which are transmitted by ingestion of food or water contaminated with feces, or transmitted by direct contact with the oral secretions. The infection has symptom fever, has symptom sore throat, has symptom headache, has symptom vomiting, has symptom fatigue, has symptom neck stiffness, has symptom muscle spasms, and has symptom acute flaccid paralysis.",NCBITaxon:12083,Poliovirus 2
http://purl.obolibrary.org/obo/DOID_4953,DOID:4953,poliomyelitis,"A viral infectious disease that results in destruction located in motor neurons, has_material_basis_in Human poliovirus 1, has_material_basis_in Human poliovirus 2, or has_material_basis_in Human poliovirus 3, which are transmitted by ingestion of food or water contaminated with feces, or transmitted by direct contact with the oral secretions. The infection has symptom fever, has symptom sore throat, has symptom headache, has symptom vomiting, has symptom fatigue, has symptom neck stiffness, has symptom muscle spasms, and has symptom acute flaccid paralysis.",NCBITaxon:12086,Poliovirus 3
http://purl.obolibrary.org/obo/DOID_0050516,DOID:0050516,O'nyong'nyong fever,"A viral infectious disease that results_in infection located_in joint, has_material_basis_in Onyong-nyong virus, which is transmitted_by Anopheles gambiae, and transmitted_by Anopheles funestus mosquitoes. The infection has_symptom fever, has_symptom arthralgia, has_symptom rash, and has_symptom lymphadenitis.",,
http://purl.obolibrary.org/obo/DOID_0050517,DOID:0050517,Barmah Forest virus disease,"A viral infectious disease that results_in infection located_in joint, has_material_basis_in Barmah Forest virus, which is transmitted_by mosquito bite. The infection has_symptom fever, has_symptom arthralgia, and has_symptom rash.",NCBITaxon:11020,Barmah Forest virus
http://purl.obolibrary.org/obo/DOID_0050518,DOID:0050518,Ross River fever,"A viral infectious disease that results_in infection located_in joint, has_material_basis_in Ross River virus, which is transmitted_by Culex, and transmitted_by Aedes mosquitoes. The infection has_symptom fever, has_symptom arthralgia, and has_symptom rash.",NCBITaxon:11029,Ross River virus
http://purl.obolibrary.org/obo/DOID_0050521,DOID:0050521,Oropouche fever,"A viral infectious disease that results in infection, has_material_basis_in Oropouche virus, which is transmitted by biting midge, Culicoides paraensis. The infection has symptom fever, has symptom chills, has symptom headache, has symptom anorexia, has symptom muscle pain, has symptom joint pain, and has symptom vomiting.",NCBITaxon:118655,Oropouche virus
http://purl.obolibrary.org/obo/DOID_0050522,DOID:0050522,Balkan hemorrhagic fever,"A hemorrhagic fever with renal syndrome that results in infection located in kidney, has_material_basis_in Dobrava-Belgrade virus, which is transmitted by yellow-necked field mouse, Apodemus flavicollis. The infection has symptom headache, has symptom fever, has symptom muscle pains, has symptom facial flush, has symptom petechiae, has symptom proteinuria, and has symptom renal failure.",,
http://purl.obolibrary.org/obo/DOID_0050523,DOID:0050523,adult T-cell leukemia/lymphoma,"A T-cell acute leukemia that results_in abnormal increase of lymphocytes, derives_from T-cells, has_material_basis_in Human T-lymphotropic virus 1 (HTLV-1), which is transmitted_by sexual contact, transmitted_by contaminated needles used by intravenous-drug users, and transmitted_by breast feeding. The infection results_in_formation_of skin lesions.",NCBITaxon:11908,Human T-cell leukemia virus type I
http://purl.obolibrary.org/obo/DOID_0060478,DOID:0060478,Zika fever,"A viral infectious disease that has_material_basis_in Zika virus, which is transmitted_by Aedes aegypti mosquitoes and targets neural progenitor cells and neuronal cells in all stages of maturity and has_symptom fever, has_symptom rash, has_symptom headaches and has_symptom joint pain.",,
http://purl.obolibrary.org/obo/DOID_0080599,DOID:0080599,Coronavirus infectious disease,A viral infectious disease that has_material_basis_in Coronavirus.,,
http://purl.obolibrary.org/obo/DOID_0080600,DOID:0080600,COVID-19,"A Coronavirus infectious disease that is characterized by fever, cough and shortness of breath and that has_material_basis_in SARS-CoV-2.",,
http://purl.obolibrary.org/obo/DOID_0080642,DOID:0080642,Middle East respiratory syndrome,"A Coronavirus infectious disease that is characterized by severe respiratory illness, including fever, cough, and shortness of breath and that has_material_basis_in MERS-CoV.",,
http://purl.obolibrary.org/obo/DOID_0080711,DOID:0080711,multisystem inflammatory syndrome in children,"A Coronavirus infectious disease that is characterized by a patient aged less than 21 years with fever, laboratory evidence of inflammation, and evidence of clinically severe illness requiring hospitalization, with multisystem organ involvement (cardiovascular, dermatologic, gastrointestinal, hematologic, neurologic, renal, or respiratory) who tested positive for SARS-CoV-2 or had exposure to COVID-19.",,
http://purl.obolibrary.org/obo/DOID_0080827,DOID:0080827,human cytomegalovirus infection,A viral infectious disease that has_material_basis_in Human betaherpesvirus 5.,,
http://purl.obolibrary.org/obo/DOID_0080848,DOID:0080848,long COVID,"A Coronavirus infectious disease that is characterized by long-term persistent and fluctuating symptoms, in individuals with COVID-19, persisting beyond three to four weeks, including the loss of the ability to smell and taste, breathlessness, fatigue, difficulty in breathing, difficulty concentrating, memory loss, confusion, headache, heart palpitations, chest pain, pain with deep breaths, dizziness, and tachycardia.",,
http://purl.obolibrary.org/obo/DOID_0081012,DOID:0081012,critical COVID-19,"A COVID-19 that is characterized by the criteria for acute respiratory distress syndrome (ARDS), sepsis, septic shock, or other conditions that would normally require the provision of life sustaining therapies such as mechanical ventilation (invasive or non-invasive) or vasopressor therapy.",,
http://purl.obolibrary.org/obo/DOID_0081013,DOID:0081013,severe COVID-19,"A COVID-19 that is characterized by any of (1) Oxygen saturation < 90% on room air, (2) Respiratory rate > 30 breaths/min in adults and children > 5 years old, ≥ 60 breaths/min in children < 2 months old, ≥ 50 in children 2–11 months old, and ≥ 40 in children 1–5 years old, or (3) signs of severe respiratory distress (accessory muscle use, inability to complete full sentences, and, in children, very severe chest wall indrawing, grunting, central cyanosis, or presence of any other general danger signs.",,
http://purl.obolibrary.org/obo/DOID_0081014,DOID:0081014,non-severe COVID-19,A COVID-19 that is characterized by the absence of any criteria for severe or critical COVID-19.,,
http://purl.obolibrary.org/obo/DOID_10250,DOID:10250,louping ill,"A viral infectious disease that results in infection in sheep and rarely humans, has_material_basis_in Louping ill virus, which is transmitted by sheep tick, Ixodes ricinus. The infection has symptom lethargy, has symptom muscle pains, has symptom fever, and has symptom focal neurological signs.",NCBITaxon:11086,Louping ill virus
http://purl.obolibrary.org/obo/DOID_10264,DOID:10264,mumps,"A viral infectious disease that results in inflammation located in salivary gland, has_material_basis_in Mumps rubulavirus, which is transmitted by droplet spread of saliva or mucus from the mouth, nose, or throat of an infected person, or transmitted by contaminated fomites. The infection has symptom fever, has symptom headache, has symptom muscle aches, has symptom tiredness, has symptom loss of appetite, has symptom swollen and tender salivary glands under the ears or jaw on one or both sides of the face.",NCBITaxon:2560602,Mumps orthorubulavirus
http://purl.obolibrary.org/obo/DOID_10883,DOID:10883,herpangina,"A viral infectious disease that results in infection located in mouth, has_material_basis_in Human coxsackievirus A16, Human enterovirus 71, group B coxsackievirus, or echoviruses, which are transmitted by ingestion of food contaminated with feces, transmitted by contact with pharyngeal secretions, or transmitted by droplet spread of oronasal secretions. The infection has symptom fever, has symptom sore throat, and has symptom lesions in the back area of the mouth, particularly the soft palate or tonsillar pillars.",NCBITaxon:31704,Coxsackievirus A16
http://purl.obolibrary.org/obo/DOID_10883,DOID:10883,herpangina,"A viral infectious disease that results in infection located in mouth, has_material_basis_in Human coxsackievirus A16, Human enterovirus 71, group B coxsackievirus, or echoviruses, which are transmitted by ingestion of food contaminated with feces, transmitted by contact with pharyngeal secretions, or transmitted by droplet spread of oronasal secretions. The infection has symptom fever, has symptom sore throat, and has symptom lesions in the back area of the mouth, particularly the soft palate or tonsillar pillars.",NCBITaxon:39054,Enterovirus A71
http://purl.obolibrary.org/obo/DOID_10310,DOID:10310,viral meningitis,A meningitis that has_material_basis_in a viral infection.,NCBITaxon:10239,Viruses
http://purl.obolibrary.org/obo/DOID_10459,DOID:10459,common cold,"An upper respiratory tract disease which involves inflammation of the mucous membranes of the nose, throat, eyes, and eustachian tubes with watery then purulent discharge. This is an acute contagious disease caused by rhinoviruses, human parainfluenza viruses, human respiratory syncytial virus, influenza viruses, adenoviruses, enteroviruses, or metapneumovirus.",NCBITaxon:10239,Viruses
http://purl.obolibrary.org/obo/DOID_10533,DOID:10533,viral pneumonia,"A pneumonia described as an inflammatory illness of the lung commonly caused by viruses such as influenza virus, parainfluenza, adenovirus, rhinovirus, herpes simplex virus, respiratory syncytial virus, hantavirus, and cytomegalovirus.",NCBITaxon:10239,Viruses
http://purl.obolibrary.org/obo/DOID_10841,DOID:10841,Eastern equine encephalitis,"A viral infectious disease that results in inflammation located in brain of horses and humans, has_material_basis_in Eastern equine encephalitis virus, which is transmitted by Aedes, transmitted by Coquillettidia, and transmitted by Culex species of mosquitoes. The infection has symptom sudden onset of headache, has symptom high fever, has symptom chills, has symptom vomiting, has symptom disorientation, has symptom seizures, and has symptom coma.",,
http://purl.obolibrary.org/obo/DOID_10842,DOID:10842,Murray Valley encephalitis,"A viral infectious disease that results_in inflammation located_in brain, has_material_basis_in Murray Valley encephalitis virus, which is transmitted_by Culex annulirostris mosquitoes. The infection has_symptom fever, has_symptom headache, has_symptom nausea, has_symptom vomiting, has_symptom drowsiness, has_symptom confusion, has_symptom fitting, and has_symptom weakness.",NCBITaxon:11079,Murray Valley encephalitis virus
http://purl.obolibrary.org/obo/DOID_10843,DOID:10843,Western equine encephalitis,"A viral infectious disease that results_in inflammation located_in brain of horses and humans, has_material_basis_in Western equine encephalomyelitis virus, which is transmitted_by Culex and transmitted_by Aedes species of mosquitoes. The infection has_symptom fever, has_symptom headache, has_symptom nausea, has_symptom vomiting, has_symptom anorexia, has_symptom malaise, has_symptom altered mental status, and has_symptom weakness.",NCBITaxon:11039,Western equine encephalitis virus
http://purl.obolibrary.org/obo/DOID_10844,DOID:10844,Japanese encephalitis,"A viral infectious disease that results_in infection located_in brain, has_material_basis_in Japanese encephalitis virus, which is transmitted_by Culex tritaeniorhynchus mosquito bite. The infection has_symptom headache, has_symptom high fever, has_symptom neck stiffness, has_symptom stupor, has_symptom disorientation, has_symptom coma, has_symptom tremors, has_symptom convulsions, and has_symptom spastic paralysis.",NCBITaxon:11072,Japanese encephalitis virus
http://purl.obolibrary.org/obo/DOID_10845,DOID:10845,St. Louis encephalitis,"A viral infectious disease that results_in inflammation located_in brain, has_material_basis_in St. Louis encephalitis virus, which is transmitted_by Culex mosquitoes. The infection has_symptom headache, has_symptom high fever, has_symptom neck stiffness, has_symptom stupor, has_symptom disorientation, has_symptom coma, has_symptom tremors, has_symptom convulsions and has_symptom spastic paralysis.",NCBITaxon:11080,St. Louis encephalitis virus
http://purl.obolibrary.org/obo/DOID_10881,DOID:10881,"hand, foot and mouth disease","A viral infectious disease that results_in infection located_in skin, has_material_basis_in Human coxsackievirus A16 or has_material_basis_in Human enterovirus 71, which are transmitted_by contaminated fomites, and transmitted_by contact with nose and throat secretions, saliva, blister fluid and stool of infected persons. The infection has_symptom fever, has_symptom poor appetite, has_symptom malaise, has_symptom sore throat, has_symptom painful sores in the mouth, and has_symptom skin rash on the palms of the hands and soles of the feet.",NCBITaxon:31704,Coxsackievirus A16
http://purl.obolibrary.org/obo/DOID_10881,DOID:10881,"hand, foot and mouth disease","A viral infectious disease that results_in infection located_in skin, has_material_basis_in Human coxsackievirus A16 or has_material_basis_in Human enterovirus 71, which are transmitted_by contaminated fomites, and transmitted_by contact with nose and throat secretions, saliva, blister fluid and stool of infected persons. The infection has_symptom fever, has_symptom poor appetite, has_symptom malaise, has_symptom sore throat, has_symptom painful sores in the mouth, and has_symptom skin rash on the palms of the hands and soles of the feet.",NCBITaxon:39054,Enterovirus A71
http://purl.obolibrary.org/obo/DOID_10882,DOID:10882,epidemic pleurodynia,"A viral infectious disease that results in necrosis located in intercostal muscle, has_material_basis_in Human enterovirus B. The infection has symptom severe chest pain, has symptom fever, has symptom malaise, has symptom pleuritis, and has symptom headache.",NCBITaxon:138949,Enterovirus B
http://purl.obolibrary.org/obo/DOID_11165,DOID:11165,common wart,"A viral infectious disease that results_in infection located_in skin, has_material_basis_in human papillomavirus (types 2 and 4). This infection is characterized by a raised wart with roughened surface, most common on hands, but can grow anywhere on the body.",NCBITaxon:173087,Human papillomavirus types
http://purl.obolibrary.org/obo/DOID_11166,DOID:11166,Human papillomavirus infectious disease,"A viral infectious disease that has_material_basis_in human papillomaviruses, which establish productive infections only in the stratified epithelium of the skin or mucous membranes. These viruses cause warts and sometimes tumors. They are transmitted_by sexual contact.",,
http://purl.obolibrary.org/obo/DOID_11168,DOID:11168,anogenital venereal wart,"A viral infectious disease that results_in infection located_in skin of vagina, cervix, uterus, anus, penis, scrotum, mouth, or throat, has_material_basis_in human papillomaviruses (types 6 and 11), which are transmitted_by direct contact with the skin during oral, genital, or anal sex with an infected partner. The infection has_symptom anogenital warts.",NCBITaxon:333754,Alphapapillomavirus 10
http://purl.obolibrary.org/obo/DOID_11227,DOID:11227,acute hemorrhagic conjunctivitis,"A viral infectious disease that results in inflammation located in conjunctiva, has_material_basis_in Human coxsackievirus A24 or has_material_basis_in Human enterovirus 70, which are transmitted by contaminated fomites or transmitted by contact with contaminated hands. The infection has symptom vascular dilation, has symptom eyelid edema, has symptom photophobia, has symptom redness of the eyes, has symptom watering of the eye, has symptom conjunctival congestion, and has symptom superficial punctate epithelial keratitis.",NCBITaxon:12089,Coxsackievirus A24
http://purl.obolibrary.org/obo/DOID_11227,DOID:11227,acute hemorrhagic conjunctivitis,"A viral infectious disease that results in inflammation located in conjunctiva, has_material_basis_in Human coxsackievirus A24 or has_material_basis_in Human enterovirus 70, which are transmitted by contaminated fomites or transmitted by contact with contaminated hands. The infection has symptom vascular dilation, has symptom eyelid edema, has symptom photophobia, has symptom redness of the eyes, has symptom watering of the eye, has symptom conjunctival congestion, and has symptom superficial punctate epithelial keratitis.",NCBITaxon:12090,enterovirus D70
http://purl.obolibrary.org/obo/DOID_11260,DOID:11260,rabies,"A viral infectious disease that results in inflammation located in brain or located in spinal cord, has_material_basis_in Rabies virus, which is transmitted by bite of an infected animal, or transmitted by contact of mucous membranes with saliva of an infected animal. The infection has symptom fever, has symptom headache, has symptom prickling or itching sensation at the site of bite, has symptom anxiety, has symptom confusion, has symptom agitation, has symptom delirium, has symptom difficulty swallowing, has symptom hydrophobia, and has symptom paralysis.",,
http://purl.obolibrary.org/obo/DOID_11360,DOID:11360,Phlebotomus fever,"A viral infectious disease that results in infection, has_material_basis_in Sandfly fever Naples virus, or has_material_basis_in Sandfly fever sicilian virus, which are transmitted by Phlebotomus papatasi sandfly. The infection has symptom fever, has symptom severe frontal headaches, has symptom muscle ache, has symptom joint aches, has symptom flushing of the face, and has symptom tachycardia.",NCBITaxon:206160,Sandfly fever Naples virus
http://purl.obolibrary.org/obo/DOID_11360,DOID:11360,Phlebotomus fever,"A viral infectious disease that results in infection, has_material_basis_in Sandfly fever Naples virus, or has_material_basis_in Sandfly fever sicilian virus, which are transmitted by Phlebotomus papatasi sandfly. The infection has symptom fever, has symptom severe frontal headaches, has symptom muscle ache, has symptom joint aches, has symptom flushing of the face, and has symptom tachycardia.",NCBITaxon:28292,sandfly fever Sicilian virus
http://purl.obolibrary.org/obo/DOID_12155,DOID:12155,lymphocytic choriomeningitis,"A viral infectious disease that results in infection located in brain, or located in meninges, or located in brain and meninges, has_material_basis_in Mammarenavirus choriomeningitidis, which is transmitted by common house mouse, Mus musculus. The infection has symptom fever, has symptom lack of appetite, has symptom headache, has symptom muscle aches, has symptom malaise, has symptom nausea, and has symptom vomiting.",NCBITaxon:3052303,Mammarenavirus choriomeningitidis
http://purl.obolibrary.org/obo/DOID_12206,DOID:12206,dengue hemorrhagic fever,"A dengue disease that occurs when a person experiences a second infection with a heterologous Dengue virus serotype, which is transmitted_by Aedes mosquito bite. The infection has_symptom hemorrhagic lesions of the skin, has_symptom thrombocytopenia, has_symptom reduction in the fluid part of the blood, and has_symptom high fever.",NCBITaxon:12637,Dengue virus
http://purl.obolibrary.org/obo/DOID_12287,DOID:12287,Crimean-Congo hemorrhagic fever,"A viral infectious disease that is a hemorrhagic fever, has_material_basis_in Orthonairovirus haemorrhagiae, which is transmitted_by Hyalomma ticks. The infection has_symptom headache, has_symptom high fever, has_symptom back pain, has_symptom joint pain, has_symptom stomach pain, has_symptom vomiting, has_symptom red eyes, has_symptom flushed face, has_symptom red throat, has_symptom petechiae (red spots) on the palate, has_symptom jaundice, has_symptom nosebleeds, and has_symptom blood in the feces and urine.",NCBITaxon:3052518,Orthonairovirus haemorrhagiae
http://purl.obolibrary.org/obo/DOID_12357,DOID:12357,viral labyrinthitis,"A labyrinthitis which involves viral infection of the inner ear through the upper airway or the blood stream. The symptoms may include hearing loss and ringing in the ears. If the virus reaches the vestibular system, dizziness, severe vertigo with nausea and vomiting, and imbalance can occur.",NCBITaxon:10239,Viruses
http://purl.obolibrary.org/obo/DOID_12549,DOID:12549,hepatitis A,"A viral infectious disease that results_in inflammation located_in liver, has_material_basis_in Hepatitis A virus, which is transmitted_by ingestion of contaminated food or water, or transmitted_by direct contact with an infected person. The infection has_symptom fever, has_symptom fatigue, has_symptom loss of appetite, has_symptom nausea, has_symptom vomiting, has_symptom abdominal pain, has_symptom clay-colored bowel movements, has_symptom joint pain, and has_symptom jaundice.",NCBITaxon:12092,Hepatovirus A
http://purl.obolibrary.org/obo/DOID_12683,DOID:12683,vestibular neuronitis,"A inner ear infectious disease caused by a viral infection which involves inflammation of the vestibular nerve. It usually results as a complication of an upper respiratory infection. This causes sudden and severe vertigo, nausea and vomiting. Auditory symptoms are usually absent.",NCBITaxon:10239,Viruses
http://purl.obolibrary.org/obo/DOID_1273,DOID:1273,respiratory syncytial virus infectious disease,"A viral infectious disease that results_in infection located_in upper respiratory tract or located_in lower respiratory tract, has_material_basis_in Human respiratory syncytial virus, which is transmitted_by droplet spread of nasal secretions from an infected person while coughing or sneezing, or transmitted_by contaminated fomites. The infection has_symptom runny nose, has_symptom fever, has_symptom cough, has_symptom wheezing, and has_symptom respiratory distress.",NCBITaxon:11250,human respiratory syncytial virus
http://purl.obolibrary.org/obo/DOID_1328,DOID:1328,Rift Valley fever,"A viral infectious disease that results_in infection, has_material_basis_in Rift Valley fever virus, which is transmitted_by Aedes mosquitoes. The virus affects domestic animals (cattle, buffalo, sheep, goats, and camels) and humans. The infection has_symptom jaundice, has_symptom vomiting blood, has_symptom passing blood in the feces, has_symptom ecchymoses (caused by bleeding in the skin), has_symptom bleeding from the nose or gums, has_symptom menorrhagia and has_symptom bleeding from venepuncture sites.",NCBITaxon:11588,Rift Valley fever virus
http://purl.obolibrary.org/obo/DOID_13775,DOID:13775,plantar wart,"A viral infectious disease that results_in benign epithelial tumors located_in skin of the sole or toes of the foot, has_material_basis_in human papillomavirus (types 1, 2, 4 or 63), has_symptom lesions that appear on the sole of the foot.",NCBITaxon:173087,Human papillomavirus types
http://purl.obolibrary.org/obo/DOID_13801,DOID:13801,pharyngoconjunctival fever,"A viral infectious disease that results in infection located in pharynx or located in conjunctiva, has_material_basis_in Human adenovirus 3 or has_material_basis_in Human adenovirus 7, which are transmitted by droplet spread of respiratory secretions or transmitted by fomites. The infection has symptom fever, has symptom lymphadenopathy of the neck, and has symptom headache.",NCBITaxon:10519,Human adenovirus 7
http://purl.obolibrary.org/obo/DOID_13801,DOID:13801,pharyngoconjunctival fever,"A viral infectious disease that results in infection located in pharynx or located in conjunctiva, has_material_basis_in Human adenovirus 3 or has_material_basis_in Human adenovirus 7, which are transmitted by droplet spread of respiratory secretions or transmitted by fomites. The infection has symptom fever, has symptom lymphadenopathy of the neck, and has symptom headache.",NCBITaxon:45659,Human adenovirus B3
http://purl.obolibrary.org/obo/DOID_14472,DOID:14472,hantavirus pulmonary syndrome,"A viral infectious disease that results in infection located in lung, has_material_basis_in Orthohantavirus sinnombreense, transmitted by deer mouse (Myodes glareolus), has_material_basis_in Orthohantavirus nigrorivense, transmitted by cotton rat (Sigmodon hispidus), has_material_basis_in Orthohantavirus bayoui, transmitted by marsh rice rat (Oryzomys palustris), has_material_basis_in Orthohantavirus negraense, transmitted by small vesper mouse (Calomys laucha), or has_material_basis_in Orthohantavirus andesense, transmitted by rice rat (Oligoryzomys longicaudatus). The infection has _symptom fever, muscle pain, headache, cough, vomiting, and chills which rapidly progress to bilateral interstitial pulmonary infiltrates occurrence, pulmonary edema and hypoxia often resulting in death from shock or cardiac complications.",NCBITaxon:1980456,Orthohantavirus andesense
http://purl.obolibrary.org/obo/DOID_14472,DOID:14472,hantavirus pulmonary syndrome,"A viral infectious disease that results in infection located in lung, has_material_basis_in Orthohantavirus sinnombreense, transmitted by deer mouse (Myodes glareolus), has_material_basis_in Orthohantavirus nigrorivense, transmitted by cotton rat (Sigmodon hispidus), has_material_basis_in Orthohantavirus bayoui, transmitted by marsh rice rat (Oryzomys palustris), has_material_basis_in Orthohantavirus negraense, transmitted by small vesper mouse (Calomys laucha), or has_material_basis_in Orthohantavirus andesense, transmitted by rice rat (Oligoryzomys longicaudatus). The infection has _symptom fever, muscle pain, headache, cough, vomiting, and chills which rapidly progress to bilateral interstitial pulmonary infiltrates occurrence, pulmonary edema and hypoxia often resulting in death from shock or cardiac complications.",NCBITaxon:3052470,Orthohantavirus bayoui
http://purl.obolibrary.org/obo/DOID_14472,DOID:14472,hantavirus pulmonary syndrome,"A viral infectious disease that results in infection located in lung, has_material_basis_in Orthohantavirus sinnombreense, transmitted by deer mouse (Myodes glareolus), has_material_basis_in Orthohantavirus nigrorivense, transmitted by cotton rat (Sigmodon hispidus), has_material_basis_in Orthohantavirus bayoui, transmitted by marsh rice rat (Oryzomys palustris), has_material_basis_in Orthohantavirus negraense, transmitted by small vesper mouse (Calomys laucha), or has_material_basis_in Orthohantavirus andesense, transmitted by rice rat (Oligoryzomys longicaudatus). The infection has _symptom fever, muscle pain, headache, cough, vomiting, and chills which rapidly progress to bilateral interstitial pulmonary infiltrates occurrence, pulmonary edema and hypoxia often resulting in death from shock or cardiac complications.",NCBITaxon:3052489,Orthohantavirus negraense
http://purl.obolibrary.org/obo/DOID_14472,DOID:14472,hantavirus pulmonary syndrome,"A viral infectious disease that results in infection located in lung, has_material_basis_in Orthohantavirus sinnombreense, transmitted by deer mouse (Myodes glareolus), has_material_basis_in Orthohantavirus nigrorivense, transmitted by cotton rat (Sigmodon hispidus), has_material_basis_in Orthohantavirus bayoui, transmitted by marsh rice rat (Oryzomys palustris), has_material_basis_in Orthohantavirus negraense, transmitted by small vesper mouse (Calomys laucha), or has_material_basis_in Orthohantavirus andesense, transmitted by rice rat (Oligoryzomys longicaudatus). The infection has _symptom fever, muscle pain, headache, cough, vomiting, and chills which rapidly progress to bilateral interstitial pulmonary infiltrates occurrence, pulmonary edema and hypoxia often resulting in death from shock or cardiac complications.",NCBITaxon:3052490,Orthohantavirus nigrorivense
http://purl.obolibrary.org/obo/DOID_14472,DOID:14472,hantavirus pulmonary syndrome,"A viral infectious disease that results in infection located in lung, has_material_basis_in Orthohantavirus sinnombreense, transmitted by deer mouse (Myodes glareolus), has_material_basis_in Orthohantavirus nigrorivense, transmitted by cotton rat (Sigmodon hispidus), has_material_basis_in Orthohantavirus bayoui, transmitted by marsh rice rat (Oryzomys palustris), has_material_basis_in Orthohantavirus negraense, transmitted by small vesper mouse (Calomys laucha), or has_material_basis_in Orthohantavirus andesense, transmitted by rice rat (Oligoryzomys longicaudatus). The infection has _symptom fever, muscle pain, headache, cough, vomiting, and chills which rapidly progress to bilateral interstitial pulmonary infiltrates occurrence, pulmonary edema and hypoxia often resulting in death from shock or cardiac complications.",NCBITaxon:3052499,Orthohantavirus sinnombreense
http://purl.obolibrary.org/obo/DOID_1883,DOID:1883,hepatitis C,"A viral infectious disease that results_in inflammation located_in liver, has_material_basis_in Hepacivirus hominis, which is transmitted_by blood from an infected person enters the body of an uninfected person. The infection has_symptom fever, has_symptom fatigue, has_symptom loss of appetite, has_symptom nausea, has_symptom vomiting, has_symptom abdominal pain, has_symptom clay-colored bowel movements, has_symptom joint pain, and has_symptom jaundice.",NCBITaxon:3052230,Hepacivirus hominis
http://purl.obolibrary.org/obo/DOID_2043,DOID:2043,hepatitis B,"A viral infectious disease that results_in inflammation located_in liver, has_material_basis_in Hepatitis B virus, which is transmitted_by sexual contact, blood transfusions, or fomites like needles or syringes. The infection has_symptom fever, fatigue, loss of appetite, nausea, vomiting, abdominal pain, clay-colored bowel movements, joint pain, and jaundice.",NCBITaxon:10407,Hepatitis B virus
http://purl.obolibrary.org/obo/DOID_2047,DOID:2047,hepatitis D,"A viral infectious disease that results_in inflammation located_in liver, has_material_basis_in Hepatitis delta virus, which is an incomplete virus that requires the helper function of Hepatitis B virus to replicate and only occurs among people who are infected with the Hepatitis B virus. The infection has_symptom fatigue, has_symptom lethargy, has_symptom anorexia, has_symptom nausea, has_symptom jaundice, has_symptom clay-colored stools, has_symptom dark urine, has_symptom changes in personality, has_symptom disturbances in sleep, has_symptom confusion, has_symptom abnormal behavior, has_symptom somnolence, and has_symptom coma.",NCBITaxon:10407,Hepatitis B virus
http://purl.obolibrary.org/obo/DOID_2047,DOID:2047,hepatitis D,"A viral infectious disease that results_in inflammation located_in liver, has_material_basis_in Hepatitis delta virus, which is an incomplete virus that requires the helper function of Hepatitis B virus to replicate and only occurs among people who are infected with the Hepatitis B virus. The infection has_symptom fatigue, has_symptom lethargy, has_symptom anorexia, has_symptom nausea, has_symptom jaundice, has_symptom clay-colored stools, has_symptom dark urine, has_symptom changes in personality, has_symptom disturbances in sleep, has_symptom confusion, has_symptom abnormal behavior, has_symptom somnolence, and has_symptom coma.",NCBITaxon:12475,Hepatitis delta virus
http://purl.obolibrary.org/obo/DOID_2327,DOID:2327,viral gastritis,"A gastrointestinal system infectious disease that involves inflammation of the stomach lining caused by viruses. The symptoms include abdominal pain, indigestion, ulcer formation, abdominal bloating, nausea and vomiting.",NCBITaxon:10239,Viruses
http://purl.obolibrary.org/obo/DOID_2366,DOID:2366,West Nile fever,"A viral infectious disease that results_in infection, has_material_basis_in West Nile virus, which is transmitted_by Culex and transmitted_by Aedes mosquitoes. The infection has_symptom fever, has_symptom sore throat, has_symptom headache, has_symptom body ache, has_symptom nausea, has_symptom maculopapular rash and has_symptom vomiting.",NCBITaxon:11082,West Nile virus
http://purl.obolibrary.org/obo/DOID_2929,DOID:2929,Newcastle disease,"A viral infectious disease that results_in infection in birds and humans, has_material_basis_in Avian orthoavulavirus 1, which is transmitted_by contact with feces and urine of an infected bird, or transmitted_by fomites. The infection has_symptom conjunctivitis, has_symptom headache, and has_symptom lacrimation in humans, and has_symptom gasping, has_symptom coughing, has_symptom twisting of head and neck, has_symptom circling, has_symptom complete paralysis, has_symptom watery diarrhea, and has_symptom reduced egg production in birds.",NCBITaxon:2560319,avian paramyxovirus 1
http://purl.obolibrary.org/obo/DOID_2934,DOID:2934,aleutian mink disease,"A viral infectious disease that results_in inflammatory destruction located_in blood vessels of minks and rarely in humans, which has_material_basis_in Aleutian mink disease virus. The infection has_symptom weight loss, has_symptom hepatomegaly, has_symptom enlarged spleen, and has_symptom anemia.",NCBITaxon:28314,Aleutian mink disease parvovirus
http://purl.obolibrary.org/obo/DOID_2945,DOID:2945,severe acute respiratory syndrome,"A Coronavirus infectious disease that results_in infection located_in respiratory tract, has_material_basis_in SARS coronavirus (SARS-CoV), which is transmitted_by droplet spread of respiratory secretions, transmitted_by ingestion of contaminated food, or transmitted_by fomites. The infection has_symptom fever, has_symptom headache, has_symptom body aches, has_symptom dry cough, and has_symptom hypoxia.",NCBITaxon:694009,Severe acute respiratory syndrome-related coronavirus
http://purl.obolibrary.org/obo/DOID_321,DOID:321,tropical spastic paraparesis,"A viral infectious disease that results in inflammation located in spinal cord, has_material_basis_in Human T-lymphotropic virus 1, which is transmitted by sexual contact, and transmitted by breast feeding. The infection has symptom spastic weakness of both legs, has symptom muscle stiffness, has symptom sensory disturbance, and has symptom spasms.",NCBITaxon:11908,Human T-cell leukemia virus type I
http://purl.obolibrary.org/obo/DOID_3292,DOID:3292,mpox,"A viral infectious disease that results in infection of primates, rodents and humans, located in skin, has_material_basis_in Monkeypox virus, which is transmitted by contact with the animal's blood, body fluids, rash, or with the body fluids of a sick person, transmitted by fomites, and transmitted by respiratory droplets. The infection has symptom fever, has symptom muscle ache, has symptom headache, and has symptom lymphadenopathy.",,
http://purl.obolibrary.org/obo/DOID_3298,DOID:3298,vaccinia,"A viral infectious disease that results_in infection, located_in skin, has_material_basis_in Vaccinia virus, which is used as a live vaccine against smallpox. The virus is transmitted_by contact with the vaccination site before it has healed, or transmitted_by fomites that have been contaminated with live virus from the vaccination site. The infection has_symptom rash, has_symptom fever, and has_symptom body aches.",NCBITaxon:10245,Vaccinia virus
http://purl.obolibrary.org/obo/DOID_3436,DOID:3436,viral laryngitis,A acute laryngitis which is caused by viral infection.,NCBITaxon:10239,Viruses
http://purl.obolibrary.org/obo/DOID_3944,DOID:3944,Arenaviridae infectious disease,"A viral infectious disease that results_in infection in rodents and humans, has_material_basis_in Arenaviridae viruses.",,
http://purl.obolibrary.org/obo/DOID_4325,DOID:4325,Ebola hemorrhagic fever,"A viral infectious disease that is a hemorrhagic fever, has_material_basis_in Zaire ebolavirus, has_material_basis_in Sudan ebolavirus, has_material_basis_in Cote d'Ivoire ebolavirus, or has_material_basis_in Bundibugyo ebolavirus, which are transmitted_by contact with the body fluids of an infected animal or person, transmitted by contaminated fomites, or transmitted by infected medical equipment. The infection has_symptom fever, has_symptom headache, has_symptom joint pain, has_symptom muscle aches, has_symptom sore throat, has_symptom weakness, has_symptom diarrhea, has_symptom vomiting, has_symptom stomach pain, has_symptom rash, has_symptom red eyes, has_symptom hiccups, and has_symptom internal and external bleeding.",NCBITaxon:186538,Zaire ebolavirus
http://purl.obolibrary.org/obo/DOID_4325,DOID:4325,Ebola hemorrhagic fever,"A viral infectious disease that is a hemorrhagic fever, has_material_basis_in Zaire ebolavirus, has_material_basis_in Sudan ebolavirus, has_material_basis_in Cote d'Ivoire ebolavirus, or has_material_basis_in Bundibugyo ebolavirus, which are transmitted_by contact with the body fluids of an infected animal or person, transmitted by contaminated fomites, or transmitted by infected medical equipment. The infection has_symptom fever, has_symptom headache, has_symptom joint pain, has_symptom muscle aches, has_symptom sore throat, has_symptom weakness, has_symptom diarrhea, has_symptom vomiting, has_symptom stomach pain, has_symptom rash, has_symptom red eyes, has_symptom hiccups, and has_symptom internal and external bleeding.",NCBITaxon:186540,Sudan ebolavirus
http://purl.obolibrary.org/obo/DOID_4325,DOID:4325,Ebola hemorrhagic fever,"A viral infectious disease that is a hemorrhagic fever, has_material_basis_in Zaire ebolavirus, has_material_basis_in Sudan ebolavirus, has_material_basis_in Cote d'Ivoire ebolavirus, or has_material_basis_in Bundibugyo ebolavirus, which are transmitted_by contact with the body fluids of an infected animal or person, transmitted by contaminated fomites, or transmitted by infected medical equipment. The infection has_symptom fever, has_symptom headache, has_symptom joint pain, has_symptom muscle aches, has_symptom sore throat, has_symptom weakness, has_symptom diarrhea, has_symptom vomiting, has_symptom stomach pain, has_symptom rash, has_symptom red eyes, has_symptom hiccups, and has_symptom internal and external bleeding.",NCBITaxon:565995,Bundibugyo virus
http://purl.obolibrary.org/obo/DOID_4327,DOID:4327,Marburg hemorrhagic fever,"A viral infectious disease that is a hemorrhagic fever, has_material_basis_in Orthomarburgvirus marburgense, which is transmitted_by contact with the body fluids of an infected person. The infection has_symptom fever, has_symptom chills, has_symptom headache, has_symptom myalgia, has_symptom maculopapular rash on the trunk, has_symptom nausea, has_symptom vomiting, has_symptom chest pain, has_symptom sore throat, has_symptom abdominal pain, has_symptom diarrhea, and has_symptom bleeding.",NCBITaxon:3052505,Orthomarburgvirus marburgense
http://purl.obolibrary.org/obo/DOID_4411,DOID:4411,hepatitis E,"A viral infectious disease that results_in inflammation located_in liver, has_material_basis_in Hepatitis E virus, which is transmitted_by ingestion of contaminated food. The infection has_symptom fever, has_symptom fatigue, has_symptom loss of appetite, has_symptom nausea, has_symptom vomiting, has_symptom abdominal pain, has_symptom clay-colored bowel movements, has_symptom dark urine, has_symptom joint pain, and has_symptom jaundice.",NCBITaxon:1678143,Paslahepevirus balayani
http://purl.obolibrary.org/obo/DOID_4492,DOID:4492,avian influenza,"An influenza that results in infection located in respiratory tract of humans, domestic and wild birds, has_material_basis_in Influenza A virus, which is transmitted by contact with infected poultry. Five strains of avian influenza A viruses (H5N1, H7N3, H7N2, H7N7 and H9N2) are known to cause human infections. The infection has_symptom fever, has_symptom cough, has_symptom sore throat, has_symptom muscle aches, has_symptom nausea, has_symptom diarrhea, has_symptom vomiting, has_symptom neurologic changes, has_symptom pneumonia, and has_symptom acute respiratory distress.",NCBITaxon:11320,Influenza A virus
http://purl.obolibrary.org/obo/DOID_4885,DOID:4885,Colorado tick fever,"A viral infectious disease that results_in infection, has_material_basis_in Colorado tick fever virus, which is transmitted_by rocky mountain wood tick, Dermacentor andersoni. The infection has_symptom fever for 2-3 days, followed by an afebrile period of similar duration and then another 2-3 days of fever, has_symptom headache, has_symptom myalgia, and has_symptom fatigue.",NCBITaxon:46839,Colorado tick fever virus
http://purl.obolibrary.org/obo/DOID_4952,DOID:4952,postpoliomyelitis syndrome,"A poliomyelitis that results in atrophy located in muscle, many years after the initial infection, has_material_basis_in Human poliovirus 1, has_material_basis_in Human poliovirus 2, or has_material_basis_in Human poliovirus 3. It is characterized by new weakening in muscles that were previously affected by the polio infection and in muscles that were unaffected. The infection has symptom muscle weakness, has symptom muscle pain, has symptom sleep apnea, and has symptom breathing problems.",,
http://purl.obolibrary.org/obo/DOID_4986,DOID:4986,nonparalytic poliomyelitis,"A poliomyelitis that results in destruction located in motor neurons, has_material_basis_in Human poliovirus 1, has_material_basis_in Human poliovirus 2, or has_material_basis_in Human poliovirus 3, which are transmitted by ingestion of food or water contaminated with feces, or transmitted by direct contact with the oral secretions. The infection has symptom fever, has symptom sore throat, has symptom headache, has symptom vomiting, has symptom fatigue, has symptom neck stiffness, and has symptom muscle spasms.",,
http://purl.obolibrary.org/obo/DOID_5154,DOID:5154,borna disease,"A viral infectious disease that results_in infection, which affects dopaminergic neurotransmission located_in central nervous system, has_material_basis_in Borna disease virus, which is transmitted_by contact with infected oronasal secretions. The infection has_symptom mood disturbances, has_symptom behaviour disturbances, has_symptom cognitive disturbances, has_symptom neurologic disturbances, and has_symptom movement impairment.",NCBITaxon:12455,Borna disease virus
http://purl.obolibrary.org/obo/DOID_526,DOID:526,human immunodeficiency virus infectious disease,"A viral infectious disease that results in destruction of immune system, leading to life-threatening opportunistic infections and cancers, has_material_basis_in Human immunodeficiency virus 1 or has_material_basis_in Human immunodeficiency virus 2, which are transmitted by sexual contact, transmitted by transfer of blood, semen, vaginal fluid, pre-ejaculate, or breast milk, transmitted by congenital method, and transmitted by contaminated needles. The virus infects helper T cells (CD4+ T cells) which are directly or indirectly destroyed, macrophages, and dendritic cells. The infection has symptom diarrhea, has symptom fatigue, has symptom fever, has symptom vaginal yeast infection, has symptom headache, has symptom mouth sores, has symptom muscle aches, has symptom sore throat, and has symptom swollen lymph glands.",NCBITaxon:11676,Human immunodeficiency virus 1
http://purl.obolibrary.org/obo/DOID_526,DOID:526,human immunodeficiency virus infectious disease,"A viral infectious disease that results in destruction of immune system, leading to life-threatening opportunistic infections and cancers, has_material_basis_in Human immunodeficiency virus 1 or has_material_basis_in Human immunodeficiency virus 2, which are transmitted by sexual contact, transmitted by transfer of blood, semen, vaginal fluid, pre-ejaculate, or breast milk, transmitted by congenital method, and transmitted by contaminated needles. The virus infects helper T cells (CD4+ T cells) which are directly or indirectly destroyed, macrophages, and dendritic cells. The infection has symptom diarrhea, has symptom fatigue, has symptom fever, has symptom vaginal yeast infection, has symptom headache, has symptom mouth sores, has symptom muscle aches, has symptom sore throat, and has symptom swollen lymph glands.",NCBITaxon:11709,Human immunodeficiency virus 2
http://purl.obolibrary.org/obo/DOID_526,DOID:526,human immunodeficiency virus infectious disease,"A viral infectious disease that results in destruction of immune system, leading to life-threatening opportunistic infections and cancers, has_material_basis_in Human immunodeficiency virus 1 or has_material_basis_in Human immunodeficiency virus 2, which are transmitted by sexual contact, transmitted by transfer of blood, semen, vaginal fluid, pre-ejaculate, or breast milk, transmitted by congenital method, and transmitted by contaminated needles. The virus infects helper T cells (CD4+ T cells) which are directly or indirectly destroyed, macrophages, and dendritic cells. The infection has symptom diarrhea, has symptom fatigue, has symptom fever, has symptom vaginal yeast infection, has symptom headache, has symptom mouth sores, has symptom muscle aches, has symptom sore throat, and has symptom swollen lymph glands.",NCBITaxon:12721,Human immunodeficiency virus
http://purl.obolibrary.org/obo/DOID_5362,DOID:5362,focal epithelial hyperplasia,"A viral infectious disease that results_in infection located_in mouth, has_material_basis_in human papillomavirus (types 13 or 32), has_symptom papules or nodules in the oral cavity.",NCBITaxon:173087,Human papillomavirus types
http://purl.obolibrary.org/obo/DOID_6102,DOID:6102,herpetic gastritis,A viral gastritis that involves inflammation of the stomach lining caused by herpes simplex virus.,,
http://purl.obolibrary.org/obo/DOID_6297,DOID:6297,viral esophagitis,,NCBITaxon:10239,Viruses
http://purl.obolibrary.org/obo/DOID_635,DOID:635,acquired immunodeficiency syndrome,"A Human immunodeficiency virus infectious disease that results_in reduction in the numbers of CD4-bearing helper T cells below 200 per microliter of blood or 14% of all lymphocytes thereby rendering the subject highly vulnerable to life-threatening infections and cancers, has_material_basis_in Human immunodeficiency virus 1 or has_material_basis_in Human immunodeficiency virus 2, which are transmitted_by sexual contact, transmitted_by transfer of blood, semen, vaginal fluid, pre-ejaculate, or breast milk, transmitted_by congenital method, and transmitted_by contaminated needles. Opportunistic infections are common in people with AIDS.",,
http://purl.obolibrary.org/obo/DOID_643,DOID:643,progressive multifocal leukoencephalopathy,"A viral infectious disease that involves reactivation of JC polyomavirus in immune-compromised individuals which causes the loss of white matter (which is made up of myelin, a substance the surrounds and protects nerve fibers) in multiple areas of the brain. The symptoms include hemiparesis, aphasia, dysarthria, hemianopia, cognitive impairment and coma.",NCBITaxon:10632,JC polyomavirus
http://purl.obolibrary.org/obo/DOID_646,DOID:646,viral encephalitis,An encephalitis that involves inflammation of the brain caused by viral infection.,NCBITaxon:10239,Viruses
http://purl.obolibrary.org/obo/DOID_8536,DOID:8536,herpes zoster,"A viral infectious disease that results_in infection located_in nerve fiber, has_material_basis_in Human herpesvirus 3, which reactivates after appearing as chickenpox in childhood. The virus is transmitted_by direct contact with the rash, which can develop into chickenpox in newly-infected individuals. The infection has_symptom rash which is followed by blisters, has_symptom headache, has_symptom fever, has_symptom malaise, has_symptom itching, has_symptom burning pain, and has_symptom paresthesia.",NCBITaxon:10335,Human alphaherpesvirus 3
http://purl.obolibrary.org/obo/DOID_8566,DOID:8566,herpes simplex,"A viral infectious disease that results_in_formation_of lesions, located_in mouth, located_in face, located_in genitalia, or located_in hands, has_material_basis_in Human herpesvirus 1 or has_material_basis_in Human herpesvirus 2, which are transmitted_by direct contact with an active lesion or body fluid of an infected person.",NCBITaxon:10298,Human alphaherpesvirus 1
http://purl.obolibrary.org/obo/DOID_8566,DOID:8566,herpes simplex,"A viral infectious disease that results_in_formation_of lesions, located_in mouth, located_in face, located_in genitalia, or located_in hands, has_material_basis_in Human herpesvirus 1 or has_material_basis_in Human herpesvirus 2, which are transmitted_by direct contact with an active lesion or body fluid of an infected person.",NCBITaxon:10310,Human alphaherpesvirus 2
http://purl.obolibrary.org/obo/DOID_8568,DOID:8568,infectious mononucleosis,"A viral infectious disease that results in inflammation, located in pharynx, has_material_basis_in Human herpesvirus 4 and has symptom fever, has symptom fatigue, has symptom lymphadenopathy, and has symptom splenomegaly.",NCBITaxon:10376,human gammaherpesvirus 4
http://purl.obolibrary.org/obo/DOID_8607,DOID:8607,herpetic whitlow,"A herpes simplex that results_in infection located_in skin of the finger, toe, or thumb, has_material_basis_in Human herpesvirus 1 and has_material_basis_in Human herpesvirus 2 and has_symptom lesions, has_symptom fever, and has_symptom swollen lymph nodes.",,
http://purl.obolibrary.org/obo/DOID_8622,DOID:8622,measles,"A viral infectious disease that results_in infection located_in skin, has_material_basis_in Measles virus, which is transmitted_by contact with oronasal secretions, or semen of an infected person. The infection has_symptom fever, has_symptom cough, has_symptom coryza, has_symptom conjunctivitis, and has_symptom maculopapular, erythematous rash.",NCBITaxon:11234,Measles morbillivirus
http://purl.obolibrary.org/obo/DOID_8632,DOID:8632,Kaposi's sarcoma,"A connective tissue cancer that derives_from lymphatic endothelium, and derives_from spindle cells, results_in_formation_of vascular channels that fill with blood cells, has_material_basis_in Human herpesvirus 8 (HHV8).",NCBITaxon:37296,Human gammaherpesvirus 8
http://purl.obolibrary.org/obo/DOID_8659,DOID:8659,chickenpox,"A viral infectious disease that results_in infection located_in skin, has_material_basis_in Human herpesvirus 3, which is transmitted_by direct contact with secretions from the rash, or transmitted_by droplet spread of respiratory secretions. The infection has_symptom anorexia, has_symptom myalgia, has_symptom nausea, has_symptom fever, has_symptom headache, has_symptom sore throat, and has_symptom blisters.",NCBITaxon:10335,Human alphaherpesvirus 3
http://purl.obolibrary.org/obo/DOID_8672,DOID:8672,viral exanthem,,NCBITaxon:10239,Viruses
http://purl.obolibrary.org/obo/DOID_8704,DOID:8704,genital herpes,"A herpes simplex that results_in infection located_in genital system, or located_in rectum, has_material_basis_in Human herpesvirus 1 or has_material_basis_in Human herpesvirus 2, which is transmitted_by sexual contact. The infection has_symptom sores, has_symptom fever, and has_symptom swollen glands.",,
http://purl.obolibrary.org/obo/DOID_8729,DOID:8729,milker's nodule,"A viral infectious disease that results_in infection of cattle and humans, located_in skin, has_material_basis_in Pseudocowpox virus, which is transmitted_by contact with the infected cow teats, or transmitted_by fomites. The infection results_in_formation_of lesions on the fingers, hands, and forearms and has_symptom fever, has_symptom lymphangitis, and has_symptom lymphadenopathy.",NCBITaxon:129726,Pseudocowpox virus
http://purl.obolibrary.org/obo/DOID_8743,DOID:8743,erythema infectiosum,,NCBITaxon:10798,Human parvovirus B19
http://purl.obolibrary.org/obo/DOID_8771,DOID:8771,contagious pustular dermatitis,"A viral infectious disease that results_in infection located_in skin, has_material_basis_in Orf virus, which is transmitted_by contact with infected or recently vaccinated animals, or transmitted_by fomites carrying the virus. The infection has_symptom lesions on the finger, hand, arm, face, and penis.",NCBITaxon:10258,Orf virus
http://purl.obolibrary.org/obo/DOID_8781,DOID:8781,rubella,"A viral infectious disease that results_in infection located_in skin, has_material_basis_in Rubella virus, which is transmitted_by droplet spread of oronasal secretions from the infected person through coughing and sneezing, and transmitted_by congenital method. The infection has_symptom rash on the face which spreads to the trunk and limbs, has_symptom fever, has_symptom lymphadenopathy, has_symptom joint pains, has_symptom headache, and has_symptom conjunctivitis.",NCBITaxon:11041,Rubella virus
http://purl.obolibrary.org/obo/DOID_8867,DOID:8867,molluscum contagiosum,"A viral infectious disease that results_in infection located_in skin, has_material_basis_in Molluscum contagiosum virus, which is transmitted_by contact with the skin, and transmitted_by fomites. The infection has_symptom lesions which are flesh-colored with a pit in the center.",NCBITaxon:10279,Molluscum contagiosum virus
http://purl.obolibrary.org/obo/DOID_8956,DOID:8956,cowpox,"A viral infectious disease that results_in infection in rodents, cows, and humans, located_in skin, has_material_basis_in Cowpox virus, which is transmitted_by contact with an infected animal. The infection results_in_formation_of vesicopustular lesions on the hands or face.",NCBITaxon:10243,Cowpox virus
http://purl.obolibrary.org/obo/DOID_8970,DOID:8970,subacute sclerosing panencephalitis,A viral infectious disease that results_in infection located_in brain and that has_material_basis_in Measles virus which is immune resistant.,NCBITaxon:11234,Measles morbillivirus
http://purl.obolibrary.org/obo/DOID_9123,DOID:9123,eczema herpeticum,"A herpes simplex that results_in infection located_in skin, effected by preexisting dermatosis, has_material_basis_in Human herpesvirus 1 or Human herpesvirus 2. The infection has_symptom watery blisters, has_symptom fever, and has_symptom swelling of the lymph nodes.",,
http://purl.obolibrary.org/obo/DOID_9153,DOID:9153,variola minor,"A smallpox that results_in milder infection, located_in skin, has_material_basis_in Variola virus. The infection results_in_formation_of lesions.",,
http://purl.obolibrary.org/obo/DOID_9210,DOID:9210,herpes zoster oticus,"A viral infectious disease that results_in inflammation located_in facial nerve, which leads to paralysis of one side of the face, has_material_basis_in Human herpesvirus 3, which reactivates after appearing as chickenpox in childhood. The infection has_symptom vesicular rash of the ear or mouth, has_symptom tinnitus, has_symptom vertigo, has_symptom otalgia, and has_symptom headache.",NCBITaxon:10335,Human alphaherpesvirus 3
http://purl.obolibrary.org/obo/DOID_9537,DOID:9537,Lassa fever,"A viral infectious disease that results_in infection, has_material_basis_in Mammarenavirus lassaense, which is transmitted_by multimammate rat of the genus Mastomys. The infection has_symptom fever, has_symptom retrosternal pain, has_symptom sore throat, has_symptom back pain, has_symptom cough, has_symptom abdominal pain, has_symptom vomiting, has_symptom diarrhea, has_symptom conjunctivitis, has_symptom facial swelling, has_symptom proteinuria (protein in the urine), and has_symptom mucosal bleeding.",NCBITaxon:3052310,Mammarenavirus lassaense
http://purl.obolibrary.org/obo/DOID_9584,DOID:9584,Venezuelan equine encephalitis,"A viral infectious disease that results_in inflammation located_in brain of horses and humans, has_material_basis_in Venezuelan equine encephalitis virus, which is transmitted_by Culex mosquitoes. The infection has_symptom fever, has_symptom chills, has_symptom malaise, has_symptom severe headache, has_symptom photophobia, and has_symptom myalgia in the legs and lumbosacral region.",NCBITaxon:11036,Venezuelan equine encephalitis virus
http://purl.obolibrary.org/obo/DOID_9682,DOID:9682,yellow fever,"A viral infectious disease that results in infection, has_material_basis_in Yellow fever virus, which is transmitted by Aedes, transmitted by Haemagogus, or transmitted by Sabethes species of mosquitoes. The infection has symptom fever, has symptom muscle pain, has symptom backache, has symptom headache, has symptom shivers, has symptom loss of appetite, has symptom jaundice, and has symptom bleeding from the mouth, nose, eyes or stomach leading to vomitus containing blood.",NCBITaxon:11089,Yellow fever virus
http://purl.obolibrary.org/obo/DOID_9786,DOID:9786,bulbar polio,"A paralytic poliomyelitis that results in destruction located in motor neurons of brainstem, has_material_basis_in Human poliovirus 1, has_material_basis_in Human poliovirus 2, or has_material_basis_in Human poliovirus 3, which are transmitted by ingestion of food or water contaminated with feces, or transmitted by direct contact with the oral secretions. The infection has symptom difficulty breathing, has symptom difficulty speaking, has symptom difficulty swallowing, and has symptom difficulty chewing.",,
http://purl.obolibrary.org/obo/DOID_992,DOID:992,Omsk hemorrhagic fever,"A viral infectious disease that is a hemorrhagic fever, has_material_basis_in Omsk hemorrhagic fever virus, which is transmitted_by Dermacentor and transmitted_by Ixodes species of ticks. The infection has_symptom fever, has_symptom chills, has_symptom headache, has_symptom pain in lower and upper extremities, has_symptom stiff neck, has_symptom papulovesicular rash on the soft palate, has_symptom cervical lymphadenopathy, has_symptom conjunctival suffusion, has_symptom blood in the urine, and has_symptom blood in the sputum.",NCBITaxon:12542,Omsk hemorrhagic fever virus
